id_tienda,id_producto,semana,pronostico,nivel_servicio,objetivo_bruto,objetivo,stock_actual,pedido,colchon,cubierto_por_stock,unidades_vendidas
STORE_01,PROD_001,11,47.77813302266738,0.68,51.85819087090698,52.0,1,51.0,4.221866977332617,False,39
STORE_01,PROD_001,12,46.07489590615901,0.68,49.90921378108484,50.0,1,49.0,3.925104093840993,False,45
STORE_01,PROD_001,13,45.00189462203312,0.68,48.755670962306105,49.0,1,48.0,3.99810537796688,False,51
STORE_01,PROD_002,11,68.47535663008489,0.65,73.21866307851892,73.0,10,63.0,4.524643369915111,False,61
STORE_01,PROD_002,12,66.38041426298298,0.65,70.9369566514718,71.0,10,61.0,4.619585737017019,False,49
STORE_01,PROD_002,13,59.3893134313093,0.65,63.232616242267866,63.0,10,53.0,3.610686568690703,False,69
STORE_01,PROD_003,11,65.09951260353901,0.66,69.77611540039725,70.0,33,37.0,4.9004873964609885,False,45
STORE_01,PROD_003,12,60.944263205361736,0.66,65.1545940134111,65.0,33,32.0,4.055736794638264,False,67
STORE_01,PROD_003,13,61.28546444097792,0.66,65.64724132037952,66.0,33,33.0,4.714535559022082,False,68
STORE_01,PROD_004,11,41.987208467055545,0.64,44.681608725733966,45.0,11,34.0,3.012791532944455,False,54
STORE_01,PROD_004,12,46.875325473457316,0.64,49.83879299801256,50.0,11,39.0,3.124674526542684,False,53
STORE_01,PROD_004,13,49.101973631219636,0.64,52.21887240333163,52.0,11,41.0,2.8980263687803642,False,46
STORE_01,PROD_005,11,75.4583988303435,0.67,79.77578079485986,80.0,3,77.0,4.541601169656502,False,80
STORE_01,PROD_005,12,77.71982824381803,0.67,82.23049764618443,82.0,3,79.0,4.280171756181971,False,72
STORE_01,PROD_005,13,77.29406875691635,0.67,81.97657756397703,82.0,3,79.0,4.705931243083654,False,73
STORE_01,PROD_006,11,83.50447024059523,0.65,88.69054031049298,89.0,13,76.0,5.495529759404775,False,81
STORE_01,PROD_006,12,83.17614606505114,0.65,88.33837292009358,88.0,13,75.0,4.823853934948858,False,99
STORE_01,PROD_006,13,88.42672550890697,0.65,93.72125573565336,94.0,13,81.0,5.573274491093031,False,80
STORE_01,PROD_007,11,78.29493924395746,0.57,80.67204249703589,81.0,8,73.0,2.705060756042542,False,63
STORE_01,PROD_007,12,70.80266487149672,0.57,72.95189323264184,73.0,8,65.0,2.1973351285032834,False,66
STORE_01,PROD_007,13,70.6342531178725,0.57,72.733820249614,73.0,8,65.0,2.365746882127496,False,83
STORE_01,PROD_008,11,75.06878527758778,0.59,77.58315164748406,78.0,13,65.0,2.9312147224122214,False,69
STORE_01,PROD_008,12,72.31056523382924,0.59,74.69978284376187,75.0,13,62.0,2.6894347661707627,False,61
STORE_01,PROD_008,13,66.64955631811694,0.59,68.83413672340967,69.0,13,56.0,2.350443681883064,False,70
STORE_02,PROD_001,11,70.97580920984777,0.68,76.71473131880889,77.0,9,68.0,6.0241907901522325,False,77
STORE_02,PROD_001,12,71.33361111294286,0.68,77.13456099769296,77.0,9,68.0,5.666388887057138,False,67
STORE_02,PROD_001,13,70.61770161454069,0.68,76.46873018970842,76.0,9,67.0,5.382298385459308,False,71
STORE_02,PROD_002,11,94.78404762882155,0.65,100.67934051477243,101.0,20,81.0,6.215952371178446,False,111
STORE_02,PROD_002,12,97.7082336415211,0.65,103.78802706627339,104.0,20,84.0,6.291766358478895,False,98
STORE_02,PROD_002,13,97.63075678908561,0.65,103.7400821049285,104.0,20,84.0,6.369243210914391,False,85
STORE_02,PROD_003,11,105.92009067947856,0.66,113.23081696660844,113.0,32,81.0,7.079909320521438,False,110
STORE_02,PROD_003,12,107.34841123119972,0.66,114.7504199650249,115.0,32,83.0,7.651588768800281,False,95
STORE_02,PROD_003,13,104.70876941742424,0.66,111.91030738954058,112.0,32,80.0,7.291230582575764,False,94
STORE_02,PROD_004,11,69.91412215916793,0.64,74.10746054326826,74.0,43,31.0,4.085877840832069,False,75
STORE_02,PROD_004,12,68.69953427843132,0.64,72.89948998020834,73.0,43,30.0,4.300465721568685,False,77
STORE_02,PROD_004,13,73.51420113378674,0.64,78.25441700041456,78.0,43,35.0,4.485798866213258,False,75
STORE_02,PROD_005,11,127.97226158446202,0.67,134.6746278169969,135.0,27,108.0,7.027738415537982,False,105
STORE_02,PROD_005,12,115.2732845199993,0.67,121.51102738414394,122.0,27,95.0,6.726715480000706,False,115
STORE_02,PROD_005,13,112.43544051199541,0.67,118.68772524853595,119.0,27,92.0,6.5645594880045905,False,108
STORE_02,PROD_006,11,108.72872487392311,0.65,114.68575309685299,115.0,8,107.0,6.271275126076887,False,102
STORE_02,PROD_006,12,108.22979680364381,0.65,114.12051215839551,114.0,8,106.0,5.770203196356192,False,86
STORE_02,PROD_006,13,99.32787385977741,0.65,104.5527629779344,105.0,8,97.0,5.672126140222588,False,72
STORE_02,PROD_007,11,116.18096049538968,0.57,118.86575646577691,119.0,11,108.0,2.8190395046103163,False,114
STORE_02,PROD_007,12,112.86058162134262,0.57,115.55253348063832,116.0,11,105.0,3.139418378657382,False,129
STORE_02,PROD_007,13,120.23060048644183,0.57,123.04417217678734,123.0,11,112.0,2.76939951355817,False,104
STORE_02,PROD_008,11,98.34791560735866,0.59,101.31645640653488,101.0,20,81.0,2.652084392641342,False,129
STORE_02,PROD_008,12,109.9212293899642,0.59,112.88700705342178,113.0,20,93.0,3.0787706100358037,False,122
STORE_02,PROD_008,13,113.70583474473133,0.59,116.74855071784837,117.0,20,97.0,3.294165255268666,False,113
STORE_03,PROD_001,11,90.43526756612209,0.68,97.48563592750726,97.0,4,93.0,6.564732433877907,False,92
STORE_03,PROD_001,12,93.01797370524994,0.68,100.40786618913091,100.0,4,96.0,6.982026294750057,False,111
STORE_03,PROD_001,13,96.31899345690476,0.68,103.89343127195889,104.0,4,100.0,7.681006543095236,False,96
STORE_03,PROD_002,11,79.13235370273838,0.65,84.09907265220909,84.0,24,60.0,4.867646297261615,False,91
STORE_03,PROD_002,12,82.63128798934943,0.65,87.72931888729705,88.0,24,64.0,5.368712010650569,False,51
STORE_03,PROD_002,13,73.40121452544065,0.65,77.49745585413743,77.0,24,53.0,3.5987854745593495,False,74
STORE_03,PROD_003,11,96.22927658810104,0.66,103.1262764226224,103.0,20,83.0,6.770723411898956,False,84
STORE_03,PROD_003,12,91.90818113712504,0.66,98.35824179614609,98.0,20,78.0,6.091818862874959,False,93
STORE_03,PROD_003,13,92.82714536608205,0.66,99.33137992463746,99.0,20,79.0,6.17285463391795,False,98
STORE_03,PROD_004,11,57.280247165268456,0.64,60.759554888345676,61.0,21,40.0,3.719752834731544,False,58
STORE_03,PROD_004,12,57.72872617139294,0.64,61.24963221780913,61.0,21,40.0,3.2712738286070575,False,60
STORE_03,PROD_004,13,56.64173610883795,0.64,60.203954069484595,60.0,21,39.0,3.3582638911620535,False,65
STORE_03,PROD_005,11,131.06120485813327,0.67,138.42447102206376,138.0,8,130.0,6.938795141866734,False,143
STORE_03,PROD_005,12,135.72678667595602,0.67,143.2807794490847,143.0,8,135.0,7.273213324043979,False,153
STORE_03,PROD_005,13,139.2688915202874,0.67,146.93067361411778,147.0,8,139.0,7.731108479712589,False,152
STORE_03,PROD_006,11,141.6483526849637,0.65,149.83445379295037,150.0,18,132.0,8.351647315036303,False,140
STORE_03,PROD_006,12,142.3958176951712,0.65,150.62895630272297,151.0,18,133.0,8.60418230482881,False,129
STORE_03,PROD_006,13,136.4973349782737,0.65,144.34495919112823,144.0,18,126.0,7.502665021726301,False,141
STORE_03,PROD_007,11,147.16576582036674,0.57,150.5547590815639,151.0,4,147.0,3.834234179633256,False,173
STORE_03,PROD_007,12,158.68739800834842,0.57,162.13251482917624,162.0,4,158.0,3.312601991651576,False,151
STORE_03,PROD_007,13,150.57928609321038,0.57,154.02892304699182,154.0,4,150.0,3.420713906789615,False,180
STORE_03,PROD_008,11,126.56896326113713,0.59,130.30090322952918,130.0,4,126.0,3.431036738862872,False,140
STORE_03,PROD_008,12,128.94816713392322,0.59,132.88631687265953,133.0,4,129.0,4.051832866076779,False,144
STORE_03,PROD_008,13,133.03803135045519,0.59,136.98430938883646,137.0,4,133.0,3.961968649544815,False,127
STORE_04,PROD_001,11,70.0990906231109,0.68,75.8110684883371,76.0,29,47.0,5.900909376889103,False,73
STORE_04,PROD_001,12,68.8858070574307,0.68,74.5790348690856,75.0,29,46.0,6.114192942569304,False,77
STORE_04,PROD_001,13,72.99818461592108,0.68,79.1568902940575,79.0,29,50.0,6.001815384078924,False,71
STORE_04,PROD_002,11,85.47969488077732,0.65,90.48423259311355,90.0,9,81.0,4.520305119222684,False,84
STORE_04,PROD_002,12,82.5932601012355,0.65,87.41594959409026,87.0,9,78.0,4.406739898764499,False,95
STORE_04,PROD_002,13,91.63351074546034,0.65,97.56899424577962,98.0,9,89.0,6.366489254539658,False,76
STORE_04,PROD_003,11,96.64712700592892,0.66,103.03224994086801,103.0,15,88.0,6.3528729940710775,False,92
STORE_04,PROD_003,12,98.94606750138806,0.66,105.48570150571378,105.0,15,90.0,6.0539324986119425,False,97
STORE_04,PROD_003,13,97.98356576167964,0.66,104.44944771562662,104.0,15,89.0,6.0164342383203575,False,58
STORE_04,PROD_004,11,56.01458811777936,0.64,59.43297664699731,59.0,6,53.0,2.985411882220639,False,57
STORE_04,PROD_004,12,56.969808224652425,0.64,60.48078818549334,60.0,6,54.0,3.030191775347575,False,49
STORE_04,PROD_004,13,55.96735178080443,0.64,59.40300359994722,59.0,6,53.0,3.032648219195572,False,45
STORE_04,PROD_005,11,129.13873628383575,0.67,135.17995005173037,135.0,5,130.0,5.861263716164245,False,106
STORE_04,PROD_005,12,125.8891847119796,0.67,131.72849176118717,132.0,5,127.0,6.1108152880204045,False,144
STORE_04,PROD_005,13,140.1144562194377,0.67,146.77723745699137,147.0,5,142.0,6.885543780562301,False,147
STORE_04,PROD_006,11,166.4057898409174,0.65,175.4552844807318,175.0,30,145.0,8.594210159082593,False,172
STORE_04,PROD_006,12,171.43792046261692,0.65,180.90726661923318,181.0,30,151.0,9.562079537383084,False,186
STORE_04,PROD_006,13,182.48887564287358,0.65,193.127174233849,193.0,30,163.0,10.51112435712642,False,187
STORE_04,PROD_007,11,107.35869535855937,0.57,110.20010711351915,110.0,31,79.0,2.6413046414406267,False,93
STORE_04,PROD_007,12,102.42077973468261,0.57,105.01955843073802,105.0,31,74.0,2.579220265317389,False,97
STORE_04,PROD_007,13,101.13500594943099,0.57,103.6414754102556,104.0,31,73.0,2.8649940505690097,False,78
STORE_04,PROD_008,11,175.84131621115057,0.59,181.43768123051208,181.0,36,145.0,5.15868378884943,False,168
STORE_04,PROD_008,12,170.81927551224308,0.59,176.30836322830558,176.0,36,140.0,5.180724487756919,False,200
STORE_04,PROD_008,13,182.7985355580327,0.59,188.54453225536915,189.0,36,153.0,6.201464441967289,False,176
STORE_05,PROD_001,11,60.90832486711528,0.68,66.09937407013447,66.0,38,28.0,5.091675132884717,False,75
STORE_05,PROD_001,12,66.22341016808784,0.68,71.72590041223371,72.0,38,34.0,5.776589831912162,False,62
STORE_05,PROD_001,13,65.86273335473419,0.68,71.52210226495245,72.0,38,34.0,6.137266645265811,False,56
STORE_05,PROD_002,11,58.37818511129746,0.65,62.28630002154574,62.0,10,52.0,3.621814888702538,False,66
STORE_05,PROD_002,12,60.568908864096905,0.65,64.59705634478874,65.0,10,55.0,4.431091135903095,False,52
STORE_05,PROD_002,13,56.83779830647216,0.65,60.48939083941988,60.0,10,50.0,3.162201693527841,False,58
STORE_05,PROD_003,11,109.1795306117007,0.66,117.23161129283325,117.0,33,84.0,7.820469388299301,False,140
STORE_05,PROD_003,12,120.25729854202405,0.66,128.72073846463934,129.0,33,96.0,8.742701457975954,False,124
STORE_05,PROD_003,13,119.58230322582938,0.66,128.01775896361414,128.0,33,95.0,8.417696774170622,False,112
STORE_05,PROD_004,11,40.85032136603143,0.64,43.34223444881558,43.0,8,35.0,2.14967863396857,False,41
STORE_05,PROD_004,12,41.28047260714029,0.64,43.839572950075045,44.0,8,36.0,2.7195273928597103,False,37
STORE_05,PROD_004,13,39.63635067690838,0.64,42.035361570246394,42.0,8,34.0,2.3636493230916216,False,32
STORE_05,PROD_005,11,125.66607882919615,0.67,133.0432544231661,133.0,1,132.0,7.333921170803848,False,115
STORE_05,PROD_005,12,122.38317802932895,0.67,129.45502492948646,129.0,1,128.0,6.6168219706710545,False,115
STORE_05,PROD_005,13,121.14087805935466,0.67,128.07809320771273,128.0,1,127.0,6.859121940645338,False,137
STORE_05,PROD_006,11,127.14191563518713,0.65,134.49008160531613,134.0,23,111.0,6.858084364812868,False,154
STORE_05,PROD_006,12,134.75235884932968,0.65,142.2620369116243,142.0,23,119.0,7.247641150670319,False,154
STORE_05,PROD_006,13,143.90017307901758,0.65,152.07678481477137,152.0,23,129.0,8.099826920982423,False,143
STORE_05,PROD_007,11,135.00858713358818,0.57,138.8261975745116,139.0,4,135.0,3.991412866411821,False,120
STORE_05,PROD_007,12,131.42802560569265,0.57,135.17818788560865,135.0,4,131.0,3.5719743943073468,False,109
STORE_05,PROD_007,13,126.19324343015697,0.57,129.56289232256572,130.0,4,126.0,3.8067565698430315,False,114
STORE_05,PROD_008,11,144.46378969232347,0.59,149.1554131529823,149.0,12,137.0,4.5362103076765266,False,168
STORE_05,PROD_008,12,155.60903252778573,0.59,160.90261492605194,161.0,12,149.0,5.390967472214271,False,162
STORE_05,PROD_008,13,156.21344188638687,0.59,161.47392259348922,161.0,12,149.0,4.786558113613125,False,179
STORE_06,PROD_001,11,60.558271863150466,0.68,65.75884471518081,66.0,3,63.0,5.441728136849534,False,54
STORE_06,PROD_001,12,59.15369058640856,0.68,64.19033181963029,64.0,3,61.0,4.846309413591442,False,62
STORE_06,PROD_001,13,60.98893771795099,0.68,66.16215076233661,66.0,3,63.0,5.011062282049011,False,48
STORE_06,PROD_002,11,80.77510401930562,0.65,85.98320231168915,86.0,9,77.0,5.224895980694384,False,95
STORE_06,PROD_002,12,85.85743897535744,0.65,91.34541617135967,91.0,9,82.0,5.142561024642561,False,69
STORE_06,PROD_002,13,79.09066717057505,0.65,84.01850380323843,84.0,9,75.0,4.9093328294249545,False,83
STORE_06,PROD_003,11,68.30104589475016,0.66,73.20464566230898,73.0,43,30.0,4.69895410524984,False,72
STORE_06,PROD_003,12,68.6054999285399,0.66,73.5392910395198,74.0,43,31.0,5.394500071460101,False,62
STORE_06,PROD_003,13,64.28903419417017,0.66,68.96121465832299,69.0,43,26.0,4.710965805829829,False,61
STORE_06,PROD_004,11,44.3288172324242,0.64,46.86135514873541,47.0,18,29.0,2.6711827675758,False,49
STORE_06,PROD_004,12,46.160286484464045,0.64,48.8289256383852,49.0,18,31.0,2.839713515535955,False,56
STORE_06,PROD_004,13,47.43606538459623,0.64,50.202594395242045,50.0,18,32.0,2.5639346154037668,False,34
STORE_06,PROD_005,11,100.42673529731562,0.67,106.21380386433727,106.0,3,103.0,5.573264702684384,False,88
STORE_06,PROD_005,12,94.15312369963215,0.67,99.58350572645844,100.0,3,97.0,5.846876300367853,False,87
STORE_06,PROD_005,13,93.39918812014187,0.67,98.7491396763263,99.0,3,96.0,5.600811879858128,False,96
STORE_06,PROD_006,11,104.45638983831824,0.65,110.52986903946676,111.0,25,86.0,6.543610161681755,False,87
STORE_06,PROD_006,12,96.65713782577288,0.65,102.1714595712303,102.0,25,77.0,5.342862174227122,False,100
STORE_06,PROD_006,13,97.03421773138487,0.65,102.63941643798722,103.0,25,78.0,5.965782268615129,False,77
STORE_06,PROD_007,11,155.55098364847282,0.57,159.76878688423287,160.0,37,123.0,4.4490163515271774,False,185
STORE_06,PROD_007,12,163.94164208058652,0.57,168.05848816979938,168.0,37,131.0,4.058357919413481,False,196
STORE_06,PROD_007,13,179.5598510807662,0.57,184.48941807370898,184.0,37,147.0,4.440148919233792,False,199
STORE_06,PROD_008,11,120.14552242008475,0.59,124.3133405965539,124.0,3,121.0,3.8544775799152546,False,119
STORE_06,PROD_008,12,119.79271718794337,0.59,123.93670971952454,124.0,3,121.0,4.207282812056633,False,118
STORE_06,PROD_008,13,119.44230899102675,0.59,123.56007884249517,124.0,3,121.0,4.557691008973251,False,117
STORE_07,PROD_001,11,30.672332015199654,0.68,33.6468328680285,34.0,27,7.0,3.327667984800346,False,32
STORE_07,PROD_001,12,31.12081102132414,0.68,34.12409343065454,34.0,27,7.0,2.8791889786758595,False,25
STORE_07,PROD_001,13,28.872804623326296,0.68,31.58966604184393,32.0,27,5.0,3.127195376673704,False,22
STORE_07,PROD_002,11,46.146675187190034,0.65,49.27062595149816,49.0,15,34.0,2.8533248128099657,False,48
STORE_07,PROD_002,12,46.55713147046715,0.65,49.70883828739396,50.0,15,35.0,3.442868529532852,False,51
STORE_07,PROD_002,13,50.162608362685056,0.65,53.91207427829433,54.0,15,39.0,3.837391637314944,False,43
STORE_07,PROD_003,11,46.92108463882302,0.66,50.65479721933373,51.0,18,33.0,4.078915361176982,False,52
STORE_07,PROD_003,12,50.20521959708617,0.66,54.259614476395456,54.0,18,36.0,3.7947804029138297,False,56
STORE_07,PROD_003,13,51.707496996325006,0.66,55.815633425824494,56.0,18,38.0,4.2925030036749945,False,44
STORE_07,PROD_004,11,28.026902457093023,0.64,29.38292239588136,29.0,55,0.0,0.9730975429069773,True,30
STORE_07,PROD_004,12,26.472021409945437,0.64,27.88740100388613,28.0,55,0.0,1.5279785900545626,True,25
STORE_07,PROD_004,13,23.921691486592163,0.64,25.20234260773745,25.0,55,0.0,1.078308513407837,True,33
STORE_07,PROD_005,11,47.457138800833874,0.67,50.380800001622575,50.0,0,50.0,2.5428611991661256,False,39
STORE_07,PROD_005,12,44.42942965944133,0.67,47.145915682723334,47.0,0,47.0,2.5705703405586675,False,37
STORE_07,PROD_005,13,42.27217796105029,0.67,44.758423856402686,45.0,0,45.0,2.7278220389497108,False,28
STORE_07,PROD_006,11,49.508923851216174,0.65,52.28756736391567,52.0,20,32.0,2.4910761487838258,False,31
STORE_07,PROD_006,12,45.924819964093196,0.65,48.324167918473286,48.0,20,28.0,2.075180035906804,False,54
STORE_07,PROD_006,13,47.28679813813522,0.65,49.99277569730142,50.0,20,30.0,2.713201861864782,False,51
STORE_07,PROD_007,11,47.10748041708404,0.57,48.57308932520045,49.0,1,48.0,1.8925195829159591,False,42
STORE_07,PROD_007,12,46.89746625033405,0.57,48.556075763826726,49.0,1,48.0,2.1025337496659517,False,55
STORE_07,PROD_007,13,51.600503150924105,0.57,53.44112089983357,53.0,1,52.0,1.399496849075895,False,43
STORE_07,PROD_008,11,55.7737153454672,0.59,57.76039190811809,58.0,31,27.0,2.2262846545327974,False,35
STORE_07,PROD_008,12,47.41819953492253,0.59,48.73322399571524,49.0,31,18.0,1.581800465077471,False,52
STORE_07,PROD_008,13,50.173683870327594,0.59,51.65476983256593,52.0,31,21.0,1.8263161296724064,False,66
STORE_08,PROD_001,11,85.07788304735524,0.68,91.7516887666097,92.0,45,47.0,6.922116952644757,False,79
STORE_08,PROD_001,12,80.83747828607144,0.68,87.24087565723438,87.0,45,42.0,6.162521713928555,False,85
STORE_08,PROD_001,13,82.79810578693682,0.68,89.3457541629364,89.0,45,44.0,6.201894213063184,False,89
STORE_08,PROD_002,11,107.89079015193326,0.65,114.34205918011888,114.0,1,113.0,6.10920984806674,False,99
STORE_08,PROD_002,12,103.76955022907447,0.65,110.01578384465859,110.0,1,109.0,6.2304497709255315,False,108
STORE_08,PROD_002,13,103.0773175644722,0.65,109.41602944908993,109.0,1,108.0,5.922682435527804,False,116
STORE_08,PROD_003,11,130.6124856921532,0.66,139.2298632142511,139.0,0,139.0,8.3875143078468,False,127
STORE_08,PROD_003,12,131.06552589215846,0.66,139.93683209529686,140.0,0,140.0,8.934474107841538,False,106
STORE_08,PROD_003,13,121.14655053282797,0.66,129.10171124285216,129.0,0,129.0,7.853449467172027,False,123
STORE_08,PROD_004,11,53.43511005167172,0.64,56.30833487588599,56.0,62,0.0,2.564889948328279,True,59
STORE_08,PROD_004,12,56.426287125346235,0.64,59.534343726858445,60.0,62,0.0,3.573712874653765,True,79
STORE_08,PROD_004,13,66.36045357203878,0.64,70.08114993590296,70.0,62,8.0,3.6395464279612213,False,64
STORE_08,PROD_005,11,183.21745170943595,0.67,192.70712390463802,193.0,52,141.0,9.782548290564051,False,184
STORE_08,PROD_005,12,186.13383154991735,0.67,195.8706715919964,196.0,52,144.0,9.866168450082654,False,184
STORE_08,PROD_005,13,179.4937019198151,0.67,189.40978489375033,189.0,52,137.0,9.506298080184905,False,212
STORE_08,PROD_006,11,169.6302515664675,0.65,178.1543349520614,178.0,51,127.0,8.369748433532493,False,156
STORE_08,PROD_006,12,168.62640141017326,0.65,177.0368614207275,177.0,51,126.0,8.373598589826742,False,166
STORE_08,PROD_006,13,161.38975517303825,0.65,170.0732141337533,170.0,51,119.0,8.610244826961747,False,148
STORE_08,PROD_007,11,208.68795588752567,0.57,213.2764424768834,213.0,56,157.0,4.312044112474325,False,243
STORE_08,PROD_007,12,220.83209054524602,0.57,225.19612834114136,225.0,56,169.0,4.167909454753982,False,240
STORE_08,PROD_007,13,227.99583987625311,0.57,232.58146983781128,233.0,56,177.0,5.004160123746885,False,277
STORE_08,PROD_008,11,160.9831385566979,0.59,165.2720642888385,165.0,13,152.0,4.016861443302105,False,142
STORE_08,PROD_008,12,157.24831589112878,0.59,161.21364911158304,161.0,13,148.0,3.751684108871217,False,157
STORE_08,PROD_008,13,154.68398168614294,0.59,158.861711931714,159.0,13,146.0,4.316018313857057,False,121
STORE_09,PROD_001,11,40.8337142064123,0.68,44.55182324522409,45.0,75,0.0,4.166285793587697,True,36
STORE_09,PROD_001,12,39.18730718756979,0.68,42.73374534826634,43.0,75,0.0,3.812692812430207,True,48
STORE_09,PROD_001,13,43.18620967185812,0.68,46.99102065709381,47.0,75,0.0,3.8137903281418772,True,51
STORE_09,PROD_002,11,48.69708909349209,0.65,51.88547081719185,52.0,44,8.0,3.302910906507911,False,31
STORE_09,PROD_002,12,42.98259713219501,0.65,45.453140638151886,45.0,44,1.0,2.0174028678049893,False,28
STORE_09,PROD_002,13,39.033831088796255,0.65,41.04805525834143,41.0,44,0.0,1.966168911203745,True,33
STORE_09,PROD_003,11,67.66170988684499,0.66,72.60583941931066,73.0,2,71.0,5.338290113155011,False,69
STORE_09,PROD_003,12,70.1555757968724,0.66,75.5888647687184,76.0,2,74.0,5.844424203127602,False,48
STORE_09,PROD_003,13,64.13048720096833,0.66,68.77863508549561,69.0,2,67.0,4.869512799031668,False,42
STORE_09,PROD_004,11,30.196116132708696,0.64,31.972616581486644,32.0,33,0.0,1.8038838672913045,True,28
STORE_09,PROD_004,12,30.002633341395057,0.64,31.782690203676932,32.0,33,0.0,1.9973666586049426,True,30
STORE_09,PROD_004,13,29.39646717842824,0.64,31.182388300369464,31.0,33,0.0,1.6035328215717612,True,38
STORE_09,PROD_005,11,82.9540994134195,0.67,87.82303475533826,88.0,24,64.0,5.045900586580501,False,92
STORE_09,PROD_005,12,88.7055904170115,0.67,93.66490640499215,94.0,24,70.0,5.294409582988493,False,86
STORE_09,PROD_005,13,84.49281728241439,0.67,89.2789120935513,89.0,24,65.0,4.507182717585607,False,71
STORE_09,PROD_006,11,68.76905761845583,0.65,72.70044846612038,73.0,2,71.0,4.230942381544168,False,96
STORE_09,PROD_006,12,78.28642039876644,0.65,82.62575141594007,83.0,2,81.0,4.713579601233562,False,71
STORE_09,PROD_006,13,75.39181156835824,0.65,79.57274284481147,80.0,2,78.0,4.608188431641764,False,46
STORE_09,PROD_007,11,92.2910002021174,0.57,95.41752242465517,95.0,26,69.0,2.7089997978825977,False,92
STORE_09,PROD_007,12,93.9848541644524,0.57,97.27437505179333,97.0,26,71.0,3.0151458355475995,False,96
STORE_09,PROD_007,13,94.58282617261838,0.57,97.87154065070617,98.0,26,72.0,3.4171738273816175,False,90
STORE_09,PROD_008,11,80.97902905891013,0.59,83.5777882216876,84.0,13,71.0,3.020970941089871,False,95
STORE_09,PROD_008,12,89.0329804769722,0.59,92.13929508018866,92.0,13,79.0,2.967019523027801,False,72
STORE_09,PROD_008,13,81.04377070756516,0.59,83.6607658706369,84.0,13,71.0,2.9562292924348412,False,107
STORE_10,PROD_001,11,43.220972433470735,0.68,46.90549605194168,47.0,38,9.0,3.7790275665292654,False,31
STORE_10,PROD_001,12,39.817614893143364,0.68,43.11856910586658,43.0,38,5.0,3.1823851068566356,False,33
STORE_10,PROD_001,13,38.46105969074446,0.68,41.56924397035745,42.0,38,4.0,3.538940309255537,False,41
STORE_10,PROD_002,11,79.74879345455216,0.65,85.14669599190731,85.0,34,51.0,5.251206545447843,False,76
STORE_10,PROD_002,12,76.58019527892066,0.65,81.81799032875209,82.0,34,48.0,5.419804721079345,False,82
STORE_10,PROD_002,13,79.57267713882277,0.65,85.05750628216705,85.0,34,51.0,5.427322861177231,False,76
STORE_10,PROD_003,11,70.94049683592684,0.66,75.90823203450789,76.0,57,19.0,5.059503164073163,False,70
STORE_10,PROD_003,12,66.86898168820431,0.66,71.938035858052,72.0,57,15.0,5.131018311795685,False,67
STORE_10,PROD_003,13,67.22049495850277,0.66,72.38249398904323,72.0,57,15.0,4.779505041497231,False,77
STORE_10,PROD_004,11,33.558412063197906,0.64,35.47459737715176,35.0,1,34.0,1.4415879368020939,False,35
STORE_10,PROD_004,12,33.627034945530156,0.64,35.541748820468,36.0,1,35.0,2.3729650544698444,False,24
STORE_10,PROD_004,13,31.59818643306724,0.64,33.28377750616059,33.0,1,32.0,1.4018135669327592,False,32
STORE_10,PROD_005,11,112.06300845376438,0.67,118.3762388086995,118.0,24,94.0,5.9369915462356175,False,115
STORE_10,PROD_005,12,109.90814373885868,0.67,116.1805762057704,116.0,24,92.0,6.0918562611413165,False,113
STORE_10,PROD_005,13,114.00644358558142,0.67,121.06391012968234,121.0,24,97.0,6.993556414418578,False,97
STORE_10,PROD_006,11,103.59616534284609,0.65,109.65526718090892,110.0,9,101.0,6.403834657153908,False,99
STORE_10,PROD_006,12,99.41137376210833,0.65,105.3618844663903,105.0,9,96.0,5.588626237891674,False,112
STORE_10,PROD_006,13,102.95747789727642,0.65,109.02787005098057,109.0,9,100.0,6.042522102723581,False,100
STORE_10,PROD_007,11,123.38616323031914,0.57,127.08625802659064,127.0,29,98.0,3.6138367696808587,False,112
STORE_10,PROD_007,12,118.72177586927319,0.57,122.26499382207375,122.0,29,93.0,3.2782241307268123,False,123
STORE_10,PROD_007,13,122.8304970590523,0.57,126.5609466469374,127.0,29,98.0,4.1695029409476945,False,117
STORE_10,PROD_008,11,82.4823115817099,0.59,84.93083990713312,85.0,18,67.0,2.5176884182901063,False,69
STORE_10,PROD_008,12,75.27813509909356,0.59,77.55270700709796,78.0,18,60.0,2.7218649009064393,False,83
STORE_10,PROD_008,13,76.22213411317261,0.59,78.68608124144308,79.0,18,61.0,2.777865886827385,False,76
STORE_11,PROD_001,11,54.261745062382765,0.68,59.02164979435386,59.0,13,46.0,4.738254937617235,False,50
STORE_11,PROD_001,12,53.56583212029096,0.68,58.23699736076674,58.0,13,45.0,4.434167879709037,False,45
STORE_11,PROD_001,13,50.32990785361637,0.68,54.64269073870475,55.0,13,42.0,4.670092146383631,False,65
STORE_11,PROD_002,11,90.31094132667454,0.65,96.1236254007019,96.0,0,96.0,5.689058673325462,False,139
STORE_11,PROD_002,12,107.40317966736112,0.65,113.84921599958561,114.0,0,114.0,6.596820332638885,False,119
STORE_11,PROD_002,13,113.15468111258093,0.65,120.11867170553921,120.0,0,120.0,6.845318887419069,False,107
STORE_11,PROD_003,11,69.57315809831371,0.66,74.72249683674902,75.0,18,57.0,5.426841901686288,False,69
STORE_11,PROD_003,12,67.7472822701111,0.66,72.88162293477066,73.0,18,55.0,5.2527177298889,False,63
STORE_11,PROD_003,13,66.65961925089002,0.66,71.69811068529624,72.0,18,54.0,5.340380749109983,False,83
STORE_11,PROD_004,11,55.23974582086161,0.64,58.574224204156216,59.0,10,49.0,3.7602541791383928,False,63
STORE_11,PROD_004,12,58.30322219357525,0.64,61.97377203025407,62.0,10,52.0,3.6967778064247483,False,64
STORE_11,PROD_004,13,58.67679865032296,0.64,62.36746391069832,62.0,10,52.0,3.323201349677042,False,42
STORE_11,PROD_005,11,152.52498341728779,0.67,161.73451280434472,162.0,8,154.0,9.475016582712215,False,166
STORE_11,PROD_005,12,157.18408773980167,0.67,166.62806043955754,167.0,8,159.0,9.815912260198331,False,173
STORE_11,PROD_005,13,165.0865571207831,0.67,175.21748686006305,175.0,8,167.0,9.913442879216888,False,178
STORE_11,PROD_006,11,120.71943076515669,0.65,127.99452351908563,128.0,89,39.0,7.280569234843313,False,122
STORE_11,PROD_006,12,119.05359113459505,0.65,126.30613877896229,126.0,89,37.0,6.946408865404948,False,151
STORE_11,PROD_006,13,131.9991490080722,0.65,139.5946169983339,140.0,89,51.0,8.000850991927791,False,130
STORE_11,PROD_007,11,96.67476590694196,0.57,99.28268104428234,99.0,24,75.0,2.325234093058043,False,77
STORE_11,PROD_007,12,92.31464857925195,0.57,94.62501206847318,95.0,24,71.0,2.6853514207480487,False,76
STORE_11,PROD_007,13,83.38971127735311,0.57,85.63826366006421,86.0,24,62.0,2.610288722646885,False,82
STORE_11,PROD_008,11,116.74772376044587,0.59,120.53616138406699,121.0,15,106.0,4.252276239554135,False,86
STORE_11,PROD_008,12,104.59027850475451,0.59,107.44404571210161,107.0,15,92.0,2.409721495245492,False,105
STORE_11,PROD_008,13,108.05041026201687,0.59,111.1161223602169,111.0,15,96.0,2.949589737983132,False,91
STORE_12,PROD_001,11,81.15815909726848,0.68,87.88421061688621,88.0,40,48.0,6.841840902731519,False,98
STORE_12,PROD_001,12,88.63358187832549,0.68,96.05687642210191,96.0,40,56.0,7.3664181216745135,False,79
STORE_12,PROD_001,13,85.59080281687903,0.68,92.80138281536392,93.0,40,53.0,7.409197183120966,False,75
STORE_12,PROD_002,11,77.70078830104367,0.65,82.84054413853308,83.0,5,78.0,5.299211698956327,False,57
STORE_12,PROD_002,12,69.23674409495811,0.65,73.60502399463783,74.0,5,69.0,4.763255905041888,False,89
STORE_12,PROD_002,13,75.62312480152582,0.65,80.29625923705974,80.0,5,75.0,4.376875198474181,False,88
STORE_12,PROD_003,11,94.27254872289825,0.66,101.1266941154134,101.0,19,82.0,6.72745127710175,False,110
STORE_12,PROD_003,12,100.96883943314984,0.66,108.24685432674093,108.0,19,89.0,7.031160566850161,False,118
STORE_12,PROD_003,13,109.08257028610831,0.66,117.09973887125521,117.0,19,98.0,7.917429713891693,False,128
STORE_12,PROD_004,11,58.72559992822663,0.64,62.419275710699104,62.0,39,23.0,3.2744000717733712,False,58
STORE_12,PROD_004,12,59.761069937690365,0.64,63.60565691617066,64.0,39,25.0,4.238930062309635,False,53
STORE_12,PROD_004,13,59.20989030518613,0.64,62.99095186325031,63.0,39,24.0,3.7901096948138715,False,79
STORE_12,PROD_005,11,132.6307822273856,0.67,140.65669765779967,141.0,2,139.0,8.369217772614405,False,133
STORE_12,PROD_005,12,132.51041927391856,0.67,140.51573656376794,141.0,2,139.0,8.489580726081442,False,140
STORE_12,PROD_005,13,135.71482521248421,0.67,143.91203184942938,144.0,2,142.0,8.285174787515786,False,129
STORE_12,PROD_006,11,104.05884718694173,0.65,110.03499733124384,110.0,5,105.0,5.941152813058267,False,124
STORE_12,PROD_006,12,113.4211312189046,0.65,119.84009949113452,120.0,5,115.0,6.5788687810953945,False,116
STORE_12,PROD_006,13,111.7822131523223,0.65,118.11275691595921,118.0,5,113.0,6.217786847677701,False,132
STORE_12,PROD_007,11,123.96912916466675,0.57,127.2841677730372,127.0,1,126.0,3.0308708353332463,False,148
STORE_12,PROD_007,12,128.95528137980233,0.57,132.19026959256718,132.0,1,131.0,3.0447186201976706,False,116
STORE_12,PROD_007,13,124.17150531447447,0.57,127.4129448012645,127.0,1,126.0,2.828494685525527,False,155
STORE_12,PROD_008,11,131.13984793282933,0.59,135.14117989531934,135.0,97,38.0,3.8601520671706737,False,123
STORE_12,PROD_008,12,128.07413160561117,0.59,131.88793964678874,132.0,97,35.0,3.9258683943888286,False,112
STORE_12,PROD_008,13,126.816737634471,0.59,130.5757515612299,131.0,97,34.0,4.1832623655290035,False,121
STORE_13,PROD_001,11,52.68974493972293,0.68,57.09019091160158,57.0,17,40.0,4.310255060277072,False,42
STORE_13,PROD_001,12,49.46970591682714,0.68,53.545701222320204,54.0,17,37.0,4.530294083172862,False,62
STORE_13,PROD_001,13,52.228436425560936,0.68,56.49380295809709,56.0,17,39.0,3.771563574439064,False,49
STORE_13,PROD_002,11,71.59971082989858,0.65,76.24266636633209,76.0,13,63.0,4.400289170101416,False,81
STORE_13,PROD_002,12,73.81002762035871,0.65,78.54970359727717,79.0,13,66.0,5.18997237964129,False,67
STORE_13,PROD_002,13,70.01825183698199,0.65,74.49476084483236,74.0,13,61.0,3.981748163018011,False,86
STORE_13,PROD_003,11,77.03273025179931,0.66,82.5404601458899,83.0,8,75.0,5.9672697482006924,False,80
STORE_13,PROD_003,12,78.34415473788127,0.66,83.94627561826509,84.0,8,76.0,5.655845262118731,False,79
STORE_13,PROD_003,13,75.96601253517807,0.66,81.48266930950956,81.0,8,73.0,5.033987464821934,False,74
STORE_13,PROD_004,11,56.00130804462736,0.64,59.61329904859346,60.0,11,49.0,3.9986919553726423,False,59
STORE_13,PROD_004,12,56.61085862224152,0.64,60.24796273922839,60.0,11,49.0,3.3891413777584773,False,52
STORE_13,PROD_004,13,55.77007894973239,0.64,59.31864553438902,59.0,11,48.0,3.2299210502676132,False,44
STORE_13,PROD_005,11,114.30697679531303,0.67,121.29230596988218,121.0,29,92.0,6.693023204686966,False,107
STORE_13,PROD_005,12,111.17511306443313,0.67,117.96944603273124,118.0,29,89.0,6.824886935566866,False,73
STORE_13,PROD_005,13,99.11803738403603,0.67,104.72811630027385,105.0,29,76.0,5.881962615963971,False,115
STORE_13,PROD_006,11,74.84852163794542,0.65,79.3059709578634,79.0,49,30.0,4.151478362054576,False,72
STORE_13,PROD_006,12,74.0701973090228,0.65,78.4923508734976,78.0,49,29.0,3.9298026909771977,False,64
STORE_13,PROD_006,13,70.13038242323879,0.65,74.246851304604,74.0,49,25.0,3.8696175767612147,False,70
STORE_13,PROD_007,11,88.4719890265792,0.57,91.02013074227303,91.0,2,89.0,2.5280109734208054,False,88
STORE_13,PROD_007,12,90.32510223913044,0.57,92.88369095204186,93.0,2,91.0,2.6748977608695554,False,68
STORE_13,PROD_007,13,80.39633302605338,0.57,82.59315413644586,83.0,2,81.0,2.6036669739466163,False,106
STORE_13,PROD_008,11,105.34676462743332,0.59,109.12206106428246,109.0,7,102.0,3.6532353725666837,False,122
STORE_13,PROD_008,12,110.64621087497736,0.59,114.40206206752823,114.0,7,107.0,3.3537891250226437,False,92
STORE_13,PROD_008,13,104.21018989890459,0.59,107.45354282292891,107.0,7,100.0,2.789810101095412,False,116
STORE_14,PROD_001,11,63.02421692217375,0.68,68.42978776692397,68.0,4,64.0,4.97578307782625,False,65
STORE_14,PROD_001,12,62.65298049557046,0.68,68.03765954303634,68.0,4,64.0,5.347019504429539,False,67
STORE_14,PROD_001,13,65.36240464348177,0.68,71.15232968760111,71.0,4,67.0,5.637595356518233,False,62
STORE_14,PROD_002,11,82.05309832920949,0.65,86.86725587413483,87.0,11,76.0,4.94690167079051,False,48
STORE_14,PROD_002,12,64.04623197543904,0.65,67.84026360002407,68.0,11,57.0,3.953768024560958,False,77
STORE_14,PROD_002,13,71.38034875152425,0.65,75.70320986696355,76.0,11,65.0,4.619651248475748,False,86
STORE_14,PROD_003,11,82.5905801913944,0.66,88.53153039656385,89.0,15,74.0,6.409419808605605,False,79
STORE_14,PROD_003,12,80.76423104733593,0.66,86.60787999980782,87.0,15,72.0,6.235768952664074,False,95
STORE_14,PROD_003,13,87.05434631935418,0.66,93.2890022241362,93.0,15,78.0,5.945653680645819,False,92
STORE_14,PROD_004,11,54.90074967686202,0.64,58.19818803775785,58.0,25,33.0,3.09925032313798,False,48
STORE_14,PROD_004,12,54.167494728800825,0.64,57.40123390512731,57.0,25,32.0,2.8325052711991745,False,70
STORE_14,PROD_004,13,57.92281962365038,0.64,61.465666468981745,61.0,25,36.0,3.0771803763496166,False,66
STORE_14,PROD_005,11,165.52194913362493,0.67,175.37235797407175,175.0,41,134.0,9.47805086637507,False,169
STORE_14,PROD_005,12,166.97415552964813,0.67,176.92761815017883,177.0,41,136.0,10.02584447035187,False,168
STORE_14,PROD_005,13,163.8879333392117,0.67,173.8333318956845,174.0,41,133.0,10.112066660788287,False,178
STORE_14,PROD_006,11,109.02371785382246,0.65,115.38372282559709,115.0,15,100.0,5.976282146177539,False,96
STORE_14,PROD_006,12,103.79499772460466,0.65,109.76431277219237,110.0,15,95.0,6.205002275395344,False,128
STORE_14,PROD_006,13,116.3599383782539,0.65,123.06612707923226,123.0,15,108.0,6.640061621746099,False,98
STORE_14,PROD_007,11,117.31379883624712,0.57,120.66236723299735,121.0,13,108.0,3.6862011637528838,False,105
STORE_14,PROD_007,12,111.41087436597738,0.57,114.6184566796461,115.0,13,102.0,3.589125634022622,False,122
STORE_14,PROD_007,13,116.54021477659225,0.57,119.80513725238076,120.0,13,107.0,3.4597852234077493,False,143
STORE_14,PROD_008,11,92.60464089953868,0.59,95.21048463005702,95.0,17,78.0,2.39535910046132,False,85
STORE_14,PROD_008,12,91.59283860665761,0.59,94.14470232284495,94.0,17,77.0,2.407161393342392,False,109
STORE_14,PROD_008,13,97.16134734054816,0.59,99.91719768353427,100.0,17,83.0,2.8386526594518386,False,120
STORE_15,PROD_001,11,45.681771200145654,0.68,49.44805409091745,49.0,43,6.0,3.318228799854346,False,49
STORE_15,PROD_001,12,45.23374033373148,0.68,48.98157536574769,49.0,43,6.0,3.7662596662685175,False,57
STORE_15,PROD_001,13,51.044378503768904,0.68,55.38553617628453,55.0,43,12.0,3.955621496231096,False,50
STORE_15,PROD_002,11,66.59506400690515,0.65,71.12566464213246,71.0,20,51.0,4.404935993094853,False,84
STORE_15,PROD_002,12,73.2614265614117,0.65,78.00825450475004,78.0,20,58.0,4.738573438588304,False,76
STORE_15,PROD_002,13,74.94083617514985,0.65,79.93507920694721,80.0,20,60.0,5.059163824850145,False,74
STORE_15,PROD_003,11,62.252730642377244,0.66,66.6027413941178,67.0,30,37.0,4.747269357622756,False,53
STORE_15,PROD_003,12,61.65475863421126,0.66,65.9671393862997,66.0,30,36.0,4.345241365788738,False,46
STORE_15,PROD_003,13,56.47122731370704,0.66,60.252651117672166,60.0,30,30.0,3.5287726862929603,False,54
STORE_15,PROD_004,11,56.17944142553419,0.64,59.804391645626936,60.0,25,35.0,3.8205585744658066,False,63
STORE_15,PROD_004,12,57.81487138249169,0.64,61.51310648900785,62.0,25,37.0,4.185128617508312,False,59
STORE_15,PROD_004,13,57.86213486543094,0.64,61.550668361592564,62.0,25,37.0,4.137865134569061,False,61
STORE_15,PROD_005,11,122.3738977815762,0.67,129.8127099313987,130.0,51,79.0,7.626102218423796,False,140
STORE_15,PROD_005,12,129.20482754099223,0.67,136.88411359485627,137.0,51,86.0,7.795172459007773,False,129
STORE_15,PROD_005,13,127.56040451853579,0.67,135.08716338682365,135.0,51,84.0,7.43959548146421,False,99
STORE_15,PROD_006,11,131.48028429585148,0.65,139.03855445063513,139.0,33,106.0,7.519715704148524,False,129
STORE_15,PROD_006,12,133.1264650412622,0.65,140.89584903208444,141.0,33,108.0,7.8735349587377925,False,114
STORE_15,PROD_006,13,122.9916378359186,0.65,130.2888390854809,130.0,33,97.0,7.008362164081404,False,151
STORE_15,PROD_007,11,119.30793640869567,0.57,122.74395155854047,123.0,8,115.0,3.6920635913043327,False,123
STORE_15,PROD_007,12,121.48430760716116,0.57,124.91167752897478,125.0,8,117.0,3.5156923928388437,False,110
STORE_15,PROD_007,13,114.0509092719511,0.57,117.4474787020826,117.0,8,109.0,2.949090728048901,False,131
STORE_15,PROD_008,11,120.28698702206862,0.59,123.83456778486688,124.0,38,86.0,3.7130129779313847,False,118
STORE_15,PROD_008,12,120.22152413009047,0.59,123.86063692514313,124.0,38,86.0,3.7784758699095278,False,106
STORE_15,PROD_008,13,113.60151768027083,0.59,116.9416004993127,117.0,38,79.0,3.398482319729169,False,106
STORE_16,PROD_001,11,80.18443790122328,0.68,86.35482497376658,86.0,12,74.0,5.815562098776724,False,74
STORE_16,PROD_001,12,76.85193746070365,0.68,82.76429776875122,83.0,12,71.0,6.1480625392963475,False,81
STORE_16,PROD_001,13,77.01149902899249,0.68,82.95761984385204,83.0,12,71.0,5.988500971007511,False,88
STORE_16,PROD_002,11,145.36354567776968,0.65,154.16253535975,154.0,37,117.0,8.636454322230321,False,159
STORE_16,PROD_002,12,153.07045373558896,0.65,162.64285971843555,163.0,37,126.0,9.929546264411044,False,163
STORE_16,PROD_002,13,154.9978238476514,0.65,164.66014097459248,165.0,37,128.0,10.002176152348596,False,130
STORE_16,PROD_003,11,114.92378319581408,0.66,122.69201548739149,123.0,47,76.0,8.076216804185918,False,110
STORE_16,PROD_003,12,115.15328043105379,0.66,123.14797691640983,123.0,47,76.0,7.846719568946213,False,117
STORE_16,PROD_003,13,115.09121536257169,0.66,123.12418795866728,123.0,47,76.0,7.908784637428312,False,98
STORE_16,PROD_004,11,52.72402410363528,0.64,55.754128405849265,56.0,23,33.0,3.27597589636472,False,40
STORE_16,PROD_004,12,47.952674446741334,0.64,50.51582613000161,51.0,23,28.0,3.0473255532586663,False,36
STORE_16,PROD_004,13,43.81519162104611,0.64,45.99508943401181,46.0,23,23.0,2.184808378953889,False,41
STORE_16,PROD_005,11,222.3203983035081,0.67,234.5906093027326,235.0,25,210.0,12.679601696491886,False,233
STORE_16,PROD_005,12,228.56815539038317,0.67,241.52664218025302,242.0,25,217.0,13.431844609616832,False,239
STORE_16,PROD_005,13,230.82940795080148,0.67,243.84353201812735,244.0,25,219.0,13.170592049198518,False,264
STORE_16,PROD_006,11,193.2121901339444,0.65,203.77635573322854,204.0,3,201.0,10.787809866055596,False,177
STORE_16,PROD_006,12,189.32537208086552,0.65,199.54466169716622,200.0,3,197.0,10.67462791913448,False,219
STORE_16,PROD_006,13,203.30266813781137,0.65,214.29697986571202,214.0,3,211.0,10.697331862188634,False,183
STORE_16,PROD_007,11,165.1055722485053,0.57,168.45962671351757,168.0,7,161.0,2.894427751494703,False,187
STORE_16,PROD_007,12,172.85593867870588,0.57,176.14660620289487,176.0,7,169.0,3.1440613212941173,False,222
STORE_16,PROD_007,13,186.7467702081614,0.57,189.64019953900646,190.0,7,183.0,3.2532297918386064,False,175
STORE_16,PROD_008,11,152.95347213034384,0.59,156.58138733961417,157.0,16,141.0,4.04652786965616,False,187
STORE_16,PROD_008,12,162.28514435848064,0.59,166.2099403105425,166.0,16,150.0,3.714855641519364,False,130
STORE_16,PROD_008,13,144.36362734285345,0.59,147.470508519408,147.0,16,131.0,2.636372657146552,False,147
STORE_17,PROD_001,11,34.81856046107459,0.68,37.955917979717874,38.0,0,38.0,3.18143953892541,False,28
STORE_17,PROD_001,12,33.50210023873419,0.68,36.45768795496093,36.0,0,36.0,2.4978997612658134,False,33
STORE_17,PROD_001,13,33.60400448208946,0.68,36.54508843620059,37.0,0,37.0,3.395995517910542,False,39
STORE_17,PROD_002,11,57.46147525044503,0.65,61.26116509502238,61.0,37,24.0,3.5385247495549734,False,41
STORE_17,PROD_002,12,51.28785863697009,0.65,54.44987003147525,54.0,37,17.0,2.7121413630299074,False,44
STORE_17,PROD_002,13,48.96623624813101,0.65,51.9322506392644,52.0,37,15.0,3.033763751868989,False,64
STORE_17,PROD_003,11,36.79944119751614,0.66,39.45936523820758,39.0,9,30.0,2.2005588024838616,False,29
STORE_17,PROD_003,12,36.14048152001234,0.66,38.82915653033726,39.0,9,30.0,2.8595184799876634,False,41
STORE_17,PROD_003,13,37.710420328966215,0.66,40.426266413584564,40.0,9,31.0,2.289579671033785,False,48
STORE_17,PROD_004,11,20.352601607479876,0.64,21.36148101355822,21.0,25,0.0,0.6473983925201239,True,17
STORE_17,PROD_004,12,20.053615603396885,0.64,21.034762793915924,21.0,25,0.0,0.9463843966031149,True,14
STORE_17,PROD_004,13,18.369656232648165,0.64,19.147755109513295,19.0,25,0.0,0.6303437673518353,True,18
STORE_17,PROD_005,11,70.02266941612044,0.67,74.31098529609179,74.0,29,45.0,3.9773305838795636,False,84
STORE_17,PROD_005,12,73.75999446715784,0.67,78.13152580355595,78.0,29,49.0,4.2400055328421615,False,76
STORE_17,PROD_005,13,73.64069570190725,0.67,77.96526628458685,78.0,29,49.0,4.359304298092752,False,63
STORE_17,PROD_006,11,47.73823523407028,0.65,50.63943985492823,51.0,15,36.0,3.261764765929719,False,37
STORE_17,PROD_006,12,42.72374405868689,0.65,45.23606599973305,45.0,15,30.0,2.27625594131311,False,43
STORE_17,PROD_006,13,43.62070207093587,0.65,46.21622065865994,46.0,15,31.0,2.37929792906413,False,34
STORE_17,PROD_007,11,66.1331982843563,0.57,68.49466063517451,68.0,31,37.0,1.8668017156437031,False,72
STORE_17,PROD_007,12,68.81613327606112,0.57,71.25590387588457,71.0,31,40.0,2.183866723938877,False,78
STORE_17,PROD_007,13,70.85417706367883,0.57,73.27097796429216,73.0,31,42.0,2.145822936321167,False,69
STORE_17,PROD_008,11,65.18201013618099,0.59,67.36784974118383,67.0,22,45.0,1.8179898638190082,False,83
STORE_17,PROD_008,12,71.91849048105001,0.59,74.29066254494948,74.0,22,52.0,2.0815095189499857,False,72
STORE_17,PROD_008,13,68.9634727480996,0.59,71.22124324041465,71.0,22,49.0,2.036527251900395,False,49
STORE_18,PROD_001,11,65.47687794592443,0.68,70.88522431647817,71.0,8,63.0,5.523122054075571,False,54
STORE_18,PROD_001,12,62.54738831543666,0.68,67.71624899882013,68.0,8,60.0,5.452611684563337,False,49
STORE_18,PROD_001,13,59.17661588250732,0.68,63.901572553058784,64.0,8,56.0,4.8233841174926795,False,81
STORE_18,PROD_002,11,97.821045672341,0.65,103.88741453149959,104.0,33,71.0,6.1789543276589995,False,120
STORE_18,PROD_002,12,109.93070862876237,0.65,117.14525101030185,117.0,33,84.0,7.069291371237625,False,115
STORE_18,PROD_002,13,110.27307731266023,0.65,117.48838482738108,117.0,33,84.0,6.726922687339766,False,122
STORE_18,PROD_003,11,70.90132725743752,0.66,75.65021543158744,76.0,20,56.0,5.098672742562485,False,85
STORE_18,PROD_003,12,75.4510099634617,0.66,80.45095637861782,80.0,20,60.0,4.548990036538299,False,51
STORE_18,PROD_003,13,62.72924354021476,0.66,66.79692761721408,67.0,20,47.0,4.27075645978524,False,68
STORE_18,PROD_004,11,60.286586115112456,0.64,63.847473192504125,64.0,3,61.0,3.7134138848875438,False,73
STORE_18,PROD_004,12,67.86934928666037,0.64,72.12355766813448,72.0,3,69.0,4.130650713339634,False,80
STORE_18,PROD_004,13,71.14844234903273,0.64,75.56151001739893,76.0,3,73.0,4.8515576509672655,False,89
STORE_18,PROD_005,11,110.88016651878189,0.67,117.14194038503277,117.0,29,88.0,6.119833481218109,False,90
STORE_18,PROD_005,12,101.20495914542406,0.67,106.92627841487698,107.0,29,78.0,5.795040854575944,False,102
STORE_18,PROD_005,13,101.02609103847149,0.67,106.62580648718985,107.0,29,78.0,5.973908961528508,False,90
STORE_18,PROD_006,11,129.32607390033849,0.65,136.39110899019678,136.0,22,114.0,6.673926099661514,False,118
STORE_18,PROD_006,12,120.67536377050487,0.65,127.52123147879992,128.0,22,106.0,7.324636229495127,False,108
STORE_18,PROD_006,13,114.41976763000804,0.65,120.92662662110669,121.0,22,99.0,6.580232369991961,False,105
STORE_18,PROD_007,11,144.14726314904186,0.57,148.22643746908517,148.0,6,142.0,3.852736850958138,False,123
STORE_18,PROD_007,12,136.5948901587827,0.57,140.23754146188563,140.0,6,134.0,3.405109841217296,False,130
STORE_18,PROD_007,13,134.89705286684887,0.57,138.42400532726126,138.0,6,132.0,3.102947133151133,False,143
STORE_18,PROD_008,11,101.83323929690107,0.59,104.96725544290967,105.0,36,69.0,3.16676070309893,False,82
STORE_18,PROD_008,12,93.48246852208044,0.59,96.01860213583792,96.0,36,60.0,2.5175314779195617,False,100
STORE_18,PROD_008,13,98.04572212929122,0.59,100.83182588827044,101.0,36,65.0,2.954277870708779,False,103
STORE_19,PROD_001,11,49.89185817822143,0.68,53.893452261821515,54.0,9,45.0,4.108141821778567,False,45
STORE_19,PROD_001,12,50.22276714680094,0.68,54.48033655584131,54.0,9,45.0,3.7772328531990595,False,57
STORE_19,PROD_001,13,52.90774604177216,0.68,57.319168370190134,57.0,9,48.0,4.092253958227843,False,39
STORE_19,PROD_002,11,83.3710468313451,0.65,88.48822697050038,88.0,16,72.0,4.628953168654903,False,84
STORE_19,PROD_002,12,81.76249950990231,0.65,86.91060650652089,87.0,16,71.0,5.237500490097688,False,66
STORE_19,PROD_002,13,72.5419337939208,0.65,77.21915936623648,77.0,16,61.0,4.458066206079195,False,90
STORE_19,PROD_003,11,89.23667311395752,0.66,95.8024867158859,96.0,8,88.0,6.763326886042478,False,93
STORE_19,PROD_003,12,89.11784687983175,0.66,95.76785747015916,96.0,8,88.0,6.882153120168255,False,76
STORE_19,PROD_003,13,83.98957276679468,0.66,90.08452376247044,90.0,8,82.0,6.01042723320532,False,84
STORE_19,PROD_004,11,51.96584830028621,0.64,55.28972629637847,55.0,25,30.0,3.0341516997137887,False,48
STORE_19,PROD_004,12,50.00802535343403,0.64,53.16146343462191,53.0,25,28.0,2.9919746465659713,False,48
STORE_19,PROD_004,13,50.4064181711198,0.64,53.62070671575378,54.0,25,29.0,3.593581828880197,False,39
STORE_19,PROD_005,11,167.44173108491077,0.67,176.97716073327126,177.0,17,160.0,9.55826891508923,False,197
STORE_19,PROD_005,12,177.09249489486663,0.67,186.99445101484625,187.0,17,170.0,9.907505105133367,False,203
STORE_19,PROD_005,13,185.97911741621175,0.67,196.29674138029503,196.0,17,179.0,10.02088258378825,False,198
STORE_19,PROD_006,11,119.5078178395097,0.65,126.44812846629968,126.0,12,114.0,6.492182160490302,False,116
STORE_19,PROD_006,12,120.47683360274172,0.65,127.51786071560126,128.0,12,116.0,7.523166397258279,False,120
STORE_19,PROD_006,13,118.01157475375703,0.65,125.19325954454138,125.0,12,113.0,6.988425246242969,False,122
STORE_19,PROD_007,11,127.30299691684354,0.57,130.09532769037077,130.0,0,130.0,2.69700308315646,False,139
STORE_19,PROD_007,12,137.57572496112454,0.57,141.20181804314203,141.0,0,141.0,3.4242750388754644,False,108
STORE_19,PROD_007,13,129.00400494101206,0.57,132.17179164888802,132.0,0,132.0,2.995995058987944,False,117
STORE_19,PROD_008,11,106.7454588970447,0.59,109.82328777005662,110.0,18,92.0,3.254541102955301,False,85
STORE_19,PROD_008,12,96.90389603520899,0.59,99.6025795242865,100.0,18,82.0,3.0961039647910127,False,96
STORE_19,PROD_008,13,94.32764262192674,0.59,97.22195677928248,97.0,18,79.0,2.672357378073258,False,77
STORE_20,PROD_001,11,42.002048040634804,0.68,45.54635559789438,46.0,19,27.0,3.9979519593651958,False,43
STORE_20,PROD_001,12,41.031027165972866,0.68,44.52846380172238,45.0,19,26.0,3.9689728340271344,False,43
STORE_20,PROD_001,13,42.45509746748041,0.68,46.16113933981655,46.0,19,27.0,3.5449025325195933,False,36
STORE_20,PROD_002,11,75.45188933353953,0.65,80.40194979172342,80.0,3,77.0,4.548110666460474,False,78
STORE_20,PROD_002,12,77.87919667362198,0.65,82.99404768328482,83.0,3,80.0,5.120803326378024,False,59
STORE_20,PROD_002,13,70.9544875663785,0.65,75.4063122339221,75.0,3,72.0,4.0455124336214965,False,45
STORE_20,PROD_003,11,98.78687342428603,0.66,105.94679762200671,106.0,8,98.0,7.2131265757139715,False,102
STORE_20,PROD_003,12,99.6135493635995,0.66,106.88899421768174,107.0,8,99.0,7.386450636400497,False,106
STORE_20,PROD_003,13,104.28055001327803,0.66,112.12678098044573,112.0,8,104.0,7.719449986721969,False,126
STORE_20,PROD_004,11,51.84498502954799,0.64,55.147062741097876,55.0,42,13.0,3.155014970452008,False,33
STORE_20,PROD_004,12,44.661907840121295,0.64,47.146845788486246,47.0,42,5.0,2.3380921598787054,False,46
STORE_20,PROD_004,13,46.390878727577736,0.64,49.062025255878005,49.0,42,7.0,2.6091212724222643,False,36
STORE_20,PROD_005,11,132.81801212727188,0.67,140.58537048221908,141.0,15,126.0,8.181987872728115,False,127
STORE_20,PROD_005,12,129.51332669952595,0.67,137.03498724596636,137.0,15,122.0,7.486673300474052,False,131
STORE_20,PROD_005,13,126.15115173042568,0.67,133.83444558942645,134.0,15,119.0,7.848848269574319,False,127
STORE_20,PROD_006,11,149.89231357461202,0.65,158.97153940711868,159.0,11,148.0,9.107686425387982,False,138
STORE_20,PROD_006,12,143.00241884958592,0.65,151.92003970317512,152.0,11,141.0,8.997581150414078,False,122
STORE_20,PROD_006,13,136.85456699518403,0.65,145.03744984055754,145.0,11,134.0,8.14543300481597,False,152
STORE_20,PROD_007,11,118.90494966092868,0.57,122.37372373359524,122.0,54,68.0,3.095050339071321,False,129
STORE_20,PROD_007,12,123.2224961000475,0.57,126.69117162821212,127.0,54,73.0,3.7775038999525066,False,120
STORE_20,PROD_007,13,121.45391436867493,0.57,124.9056761802242,125.0,54,71.0,3.54608563132507,False,126
STORE_20,PROD_008,11,136.1060761906768,0.59,140.2810511092909,140.0,33,107.0,3.893923809323212,False,161
STORE_20,PROD_008,12,145.98334268789435,0.59,150.52456307619744,151.0,33,118.0,5.01665731210565,False,188
STORE_20,PROD_008,13,164.22684744205617,0.59,169.41608774698236,169.0,33,136.0,4.773152557943831,False,134
